1,0021
2,0022
3,0023
4,0024
5,0025
6,0026
7,0027
8,0028
9,0029
10,002A
11,002B
12,002C
13,002D
14,002E
15,002F
16,0030
17,0031
18,0032
19,0033
20,0034
21,0035
22,0036
23,0037
24,0038
25,0039
26,003A
27,003B
28,003C
29,003D
30,003E
31,003F
32,0040
33,0041
34,0042
35,0043
36,0044
37,0045
38,0046
39,0047
40,0048
41,0049
42,004A
43,004B
44,004C
45,004D
46,004E
47,004F
48,0050
49,0051
50,0052
51,0053
52,0054
53,0055
54,0056
55,0057
56,0058
57,0059
58,005A
59,005B
60,005C
61,005D
62,005E
63,005F
64,0060
65,0061
66,0062
67,0063
68,0064
69,0065
70,0066
71,0067
72,0068
73,0069
74,006A
75,006B
76,006C
77,006D
78,006E
79,006F
80,0070
81,0071
82,0072
83,0073
84,0074
85,0075
86,0076
87,0077
88,0078
89,0079
90,007A
91,007B
92,007C
93,007D
94,007E
95,3041
96,3042
97,3043
98,3044
99,3045
100,3046
101,3047
102,3048
103,3049
104,304A
105,304B
106,304C
107,304D
108,304E
109,304F
110,3050
111,3051
112,3052
113,3053
114,3054
115,3055
116,3056
117,3057
118,3058
119,3059
120,305A
121,305B
122,305C
123,305D
124,305E
125,305F
126,3060
127,3061
128,3062
129,3063
130,3064
131,3065
132,3066
133,3067
134,3068
135,3069
136,306A
137,306B
138,306C
139,306D
140,306E
141,306F
142,3070
143,3071
144,3072
145,3073
146,3074
147,3075
148,3076
149,3077
150,3078
151,3079
152,307A
153,307B
154,307C
155,307D
156,307E
157,307F
158,3080
159,3081
160,3082
161,3083
162,3084
163,3085
164,3086
165,3087
166,3088
167,3089
168,308A
169,308B
170,308C
171,308D
172,308E
173,308F
174,3090
175,3091
176,3092
177,3093
178,309B
179,309C
180,30A1
181,30A2
182,30A3
183,30A4
184,30A5
185,30A6
186,30A7
187,30A8
188,30A9
189,30AA
190,30AB
191,30AC
192,30AD
193,30AE
194,30AF
195,30B0
196,30B1
197,30B2
198,30B3
199,30B4
200,30B5
201,30B6
202,30B7
203,30B8
204,30B9
205,30BA
206,30BB
207,30BC
208,30BD
209,30BE
210,30BF
211,30C0
212,30C1
213,30C2
214,30C3
215,30C4
216,30C5
217,30C6
218,30C7
219,30C8
220,30C9
221,30CA
222,30CB
223,30CC
224,30CD
225,30CE
226,30CF
227,30D0
228,30D1
229,30D2
230,30D3
231,30D4
232,30D5
233,30D6
234,30D7
235,30D8
236,30D9
237,30DA
238,30DB
239,30DC
240,30DD
241,30DE
242,30DF
243,30E0
244,30E1
245,30E2
246,30E3
247,30E4
248,30E5
249,30E6
250,30E7
251,30E8
252,30E9
253,30EA
254,30EB
255,30EC
256,30ED
257,30EE
258,30EF
259,30F0
260,30F1
261,30F2
262,30F3
263,30F4
264,30F5
265,30F6
266,30FC
